#Keys,Bloom8,Bloom10,Bloom12,Bloom16,Xor8,Xor16,
10000,0.471600,0.390900,0.384400,0.326600,0.004300,0.000000,
100000,0.470270,0.401390,0.382680,0.322010,0.003710,0.000010,
1000000,0.472376,0.399612,0.382129,0.320678,0.003825,0.000010,
10000000,0.471493,0.399647,0.382367,0.321045,0.003913,0.000016,

