FractionKeysNotInSet,Bloom8,Bloom10,Xor8,Xor16,
0.250000,322.954712,382.784027,4340.184082,4446.265137,
0.500000,332.225800,379.393677,4242.027832,4250.827637,
0.750000,329.655609,378.587982,4241.602051,4357.758301,

