FractionKeysNotInSet,Bloom8,Bloom10,Xor8,Xor16,
0.250000,0.251916,0.182153,0.003949,0.000016,
0.500000,0.251467,0.182741,0.003980,0.000014,
0.750000,0.251418,0.182566,0.003840,0.000013,

