FractionKeysNotInSet,Bloom8,Bloom10,Bloom12,Bloom16,Xor8,Xor16,Xor32,
0.250000,0.471214,0.399426,0.382562,0.320856,0.003904,0.000018,
0.500000,0.471689,0.399400,0.382095,0.321027,0.003906,0.000016,
0.750000,0.471211,0.399662,0.382838,0.321095,0.003910,0.000018,

