FractionKeysNotInSet,Bloom8,Bloom10,Xor8,Xor16,
0.250000,128.000000,160.000000,1.230032,2.460064,
0.500000,128.000000,160.000000,1.230032,2.460064,
0.750000,128.000000,160.000000,1.230032,2.460064,

