FractionKeysNotInSet,Bloom8,Bloom10,Xor8,Xor16,
0.250000,128000000.000000,160000000.000000,1230032.000000,2460064.000000,
0.500000,128000000.000000,160000000.000000,1230032.000000,2460064.000000,
0.750000,128000000.000000,160000000.000000,1230032.000000,2460064.000000,

