FractionKeysNotInSet,Bloom8,Bloom10,Xor8,Xor16,
0.250000,0.000323,0.000383,0.004340,0.004446,
0.500000,0.000332,0.000379,0.004242,0.004251,
0.750000,0.000330,0.000379,0.004242,0.004358,

