#Keys,Bloom8,Bloom10,Bloom12,Bloom16,Xor8,Xor16,
10000,0.467867,0.400100,0.378353,0.321235,0.003650,0.000125,
100000,0.471814,0.399065,0.381498,0.320383,0.003975,0.000030,
1000000,0.471228,0.399453,0.382464,0.321128,0.003926,0.000016,
10000000,0.471367,0.399546,0.382268,0.320976,0.003908,0.000015,

